"","","","","","","","","","","","","","","","","","","","",""
"","ÖĞRENCİ SAYILARI","","","","","","","","","","","","","","","","","","",""
"","Üniversite Adı","Tür","İl","Öğrenim Türü","Okuyan Önlisans","","","Okuyan Lisans","","","Okuyan Yükseklisans","","","Okuyan Doktora","","","Genel Toplam","","",""
"","","","","","Erkek","Kadın","Toplam","Erkek","Kadın","Toplam","Erkek","Kadın","Toplam","Erkek","Kadın","Toplam","Erkek","Kadın","Toplam",""
"","ABDULLAH GÜL ÜNİVERSİTESİ","DEVLET","KAYSERİ","BİRİNCİ Ö.","0","0","0","854","377","1231","46","40","86","50","41","91","950","458","1408",""
"","ACIBADEM MEHMET ALİ AYDINLAR ÜNİVERSİTESİ","VAKIF","İSTANBUL","BİRİNCİ Ö.","343","706","1049","628","1741","2369","67","266","333","18","88","106","1056","2801","3857",""
"","ACIBADEM MEHMET ALİ AYDINLAR ÜNİVERSİTESİ","VAKIF","İSTANBUL","İKİNCİ Ö.","171","259","430","0","0","0","0","0","0","0","0","0","171","259","430",""
"","ADANA ALPARSLAN TÜRKEŞ BİLİM VE TEKNOLOJİ ÜNİVERSİTESİ","DEVLET","ADANA","BİRİNCİ Ö.","0","0","0","1085","727","1812","180","153","333","14","9","23","1279","889","2168",""
"","ADANA ALPARSLAN TÜRKEŞ BİLİM VE TEKNOLOJİ ÜNİVERSİTESİ","DEVLET","ADANA","İKİNCİ Ö.","0","0","0","0","0","0","211","71","282","0","0","0","211","71","282",""
"","ADIYAMAN ÜNİVERSİTESİ","DEVLET","ADIYAMAN","BİRİNCİ Ö.","4443","2755","7198","3841","4691","8532","313","195","508","42","24","66","8639","7665","16304",""
"","ADIYAMAN ÜNİVERSİTESİ","DEVLET","ADIYAMAN","İKİNCİ Ö.","1873","789","2662","707","744","1451","0","0","0","0","0","0","2580","1533","4113",""
"","AFYON KOCATEPE ÜNİVERSİTESİ","DEVLET","AFYONKARAHİSAR","BİRİNCİ Ö.","4616","2755","7371","7578","7647","15225","1498","1099","2597","227","129","356","13919","11630","25549",""
"","AFYON KOCATEPE ÜNİVERSİTESİ","DEVLET","AFYONKARAHİSAR","İKİNCİ Ö.","1496","955","2451","4299","3640","7939","144","63","207","0","0","0","5939","4658","10597",""
"","AFYON KOCATEPE ÜNİVERSİTESİ","DEVLET","AFYONKARAHİSAR","UZAKTAN Ö.","391","99","490","0","0","0","81","10","91","0","0","0","472","109","581",""
"","AFYONKARAHİSAR SAĞLIK BİLİMLERİ ÜNİVERSİTESİ","DEVLET","AFYONKARAHİSAR","BİRİNCİ Ö.","418","1065","1483","891","1611","2502","12","51","63","18","6","24","1339","2733","4072",""
"","AFYONKARAHİSAR SAĞLIK BİLİMLERİ ÜNİVERSİTESİ","DEVLET","AFYONKARAHİSAR","İKİNCİ Ö.","175","383","558","159","271","430","0","0","0","0","0","0","334","654","988",""
"","AĞRI İBRAHİM ÇEÇEN ÜNİVERSİTESİ","DEVLET","AĞRI","BİRİNCİ Ö.","1483","1205","2688","3092","3197","6289","482","272","754","2","0","2","5059","4674","9733",""
"","AĞRI İBRAHİM ÇEÇEN ÜNİVERSİTESİ","DEVLET","AĞRI","İKİNCİ Ö.","753","499","1252","748","635","1383","0","0","0","0","0","0","1501","1134","2635",""
"","AKDENİZ ÜNİVERSİTESİ","DEVLET","ANTALYA","BİRİNCİ Ö.","8265","5047","13312","15760","13206","28966","1922","2166","4088","601","588","1189","26548","21007","47555",""
"","AKDENİZ ÜNİVERSİTESİ","DEVLET","ANTALYA","İKİNCİ Ö.","6390","3108","9498","5035","3467","8502","74","26","100","0","0","0","11499","6601","18100",""
"","AKDENİZ ÜNİVERSİTESİ","DEVLET","ANTALYA","UZAKTAN Ö.","104","47","151","0","0","0","91","25","116","0","0","0","195","72","267",""
"","AKSARAY ÜNİVERSİTESİ","DEVLET","AKSARAY","BİRİNCİ Ö.","1937","1398","3335","5094","5597","10691","1099","719","1818","90","63","153","8220","7777","15997",""
"","AKSARAY ÜNİVERSİTESİ","DEVLET","AKSARAY","İKİNCİ Ö.","600","350","950","2852","1862","4714","270","48","318","0","0","0","3722","2260","5982",""
"","ALANYA ALAADDİN KEYKUBAT ÜNİVERSİTESİ","DEVLET","ANTALYA","BİRİNCİ Ö.","2110","1137","3247","2482","1993","4475","124","105","229","9","12","21","4725","3247","7972",""
"","ALANYA ALAADDİN KEYKUBAT ÜNİVERSİTESİ","DEVLET","ANTALYA","İKİNCİ Ö.","1036","396","1432","937","436","1373","64","20","84","0","0","0","2037","852","2889",""
"","ALANYA HAMDULLAH EMİN PAŞA ÜNİVERSİTESİ","VAKIF","ANTALYA","BİRİNCİ Ö.","0","0","0","184","189","373","30","18","48","0","0","0","214","207","421",""
"","ALTINBAŞ ÜNİVERSİTESİ","VAKIF","İSTANBUL","BİRİNCİ Ö.","625","922","1547","3980","3093","7073","1393","452","1845","110","64","174","6108","4531","10639",""
"","","","","","","","","","","","","","","","","","","","",""
"","","","","","","","","","","","","","","","","","","","",""
"","ALTINBAŞ ÜNİVERSİTESİ","VAKIF","İSTANBUL","İKİNCİ Ö.","78","90","168","0","0","0","0","0","0","0","0","0","78","90","168",""
"","ALTINBAŞ ÜNİVERSİTESİ","VAKIF","İSTANBUL","UZAKTAN Ö.","29","27","56","0","0","0","587","0","587","0","0","0","616","27","643",""
"","AMASYA ÜNİVERSİTESİ","DEVLET","AMASYA","BİRİNCİ Ö.","3160","2405","5565","2026","2985","5011","282","204","486","8","6","14","5476","5600","11076",""
"","AMASYA ÜNİVERSİTESİ","DEVLET","AMASYA","İKİNCİ Ö.","1425","919","2344","724","530","1254","0","0","0","0","0","0","2149","1449","3598",""
"","AMASYA ÜNİVERSİTESİ","DEVLET","AMASYA","UZAKTAN Ö.","635","694","1329","105","108","213","61","16","77","0","0","0","801","818","1619",""
"","ANADOLU ÜNİVERSİTESİ","DEVLET","ESKİŞEHİR","BİRİNCİ Ö.","823","1082","1905","9004","9111","18115","1172","1447","2619","886","839","1725","11885","12479","24364",""
"","ANADOLU ÜNİVERSİTESİ","DEVLET","ESKİŞEHİR","İKİNCİ Ö.","12","8","20","91","44","135","171","167","338","0","0","0","274","219","493",""
"","ANADOLU ÜNİVERSİTESİ","DEVLET","ESKİŞEHİR","UZAKTAN Ö.","80","44","124","0","0","0","1022","460","1482","0","0","0","1102","504","1606",""
"","ANADOLU ÜNİVERSİTESİ","DEVLET","ESKİŞEHİR","AÇIK Ö.","699365","811867","1511232","1074047","749531","1823578","0","0","0","0","0","0","1773412","1561398","3334810",""
"","ANKARA HACI BAYRAM VELİ ÜNİVERSİTESİ","DEVLET","ANKARA","BİRİNCİ Ö.","503","1000","1503","8806","10320","19126","2582","2729","5311","1080","924","2004","12971","14973","27944",""
"","ANKARA HACI BAYRAM VELİ ÜNİVERSİTESİ","DEVLET","ANKARA","İKİNCİ Ö.","0","0","0","0","0","0","320","121","441","0","0","0","320","121","441",""
"","ANKARA HACI BAYRAM VELİ ÜNİVERSİTESİ","DEVLET","ANKARA","UZAKTAN Ö.","0","0","0","0","0","0","13","2","15","0","0","0","13","2","15",""
"","ANKARA MÜZİK VE GÜZEL SANATLAR ÜNİVERSİTESİ","DEVLET","ANKARA","BİRİNCİ Ö.","0","0","0","24","11","35","14","7","21","6","4","10","44","22","66",""
"","ANKARA SOSYAL BİLİMLER ÜNİVERSİTESİ","DEVLET","ANKARA","BİRİNCİ Ö.","0","0","0","282","316","598","242","165","407","34","10","44","558","491","1049",""
"","ANKARA SOSYAL BİLİMLER ÜNİVERSİTESİ","DEVLET","ANKARA","İKİNCİ Ö.","0","0","0","0","0","0","8","13","21","0","0","0","8","13","21",""
"","ANKARA ÜNİVERSİTESİ","DEVLET","ANKARA","BİRİNCİ Ö.","2271","2713","4984","18030","20959","38989","3152","3696","6848","2842","2846","5688","26295","30214","56509",""
"","ANKARA ÜNİVERSİTESİ","DEVLET","ANKARA","İKİNCİ Ö.","449","164","613","173","151","324","1041","569","1610","0","0","0","1663","884","2547",""
"","ANKARA ÜNİVERSİTESİ","DEVLET","ANKARA","UZAKTAN Ö.","1004","933","1937","779","1599","2378","208","80","288","0","0","0","1991","2612","4603",""
"","ANKARA YILDIRIM BEYAZIT ÜNİVERSİTESİ","DEVLET","ANKARA","BİRİNCİ Ö.","699","836","1535","5178","6514","11692","1226","1274","2500","761","451","1212","7864","9075","16939",""
"","ANKARA YILDIRIM BEYAZIT ÜNİVERSİTESİ","DEVLET","ANKARA","İKİNCİ Ö.","50","35","85","426","547","973","362","209","571","0","0","0","838","791","1629",""
"","ANTALYA AKEV ÜNİVERSİTESİ","VAKIF","ANTALYA","BİRİNCİ Ö.","146","124","270","103","65","168","0","0","0","0","0","0","249","189","438",""
"","ANTALYA BİLİM ÜNİVERSİTESİ","VAKIF","ANTALYA","BİRİNCİ Ö.","71","27","98","1481","1318","2799","275","155","430","0","0","0","1827","1500","3327",""
"","ARDAHAN ÜNİVERSİTESİ","DEVLET","ARDAHAN","BİRİNCİ Ö.","535","500","1035","1460","1256","2716","96","95","191","17","25","42","2108","1876","3984",""
"","ARDAHAN ÜNİVERSİTESİ","DEVLET","ARDAHAN","İKİNCİ Ö.","113","15","128","555","350","905","0","0","0","0","0","0","668","365","1033",""
"","ARTVİN ÇORUH ÜNİVERSİTESİ","DEVLET","ARTVİN","BİRİNCİ Ö.","2419","1740","4159","1492","2330","3822","249","132","381","15","6","21","4175","4208","8383",""
"","ARTVİN ÇORUH ÜNİVERSİTESİ","DEVLET","ARTVİN","İKİNCİ Ö.","369","329","698","101","179","280","0","0","0","0","0","0","470","508","978",""
"","","","","","","","","","","","","","","","","","","","",""
"","","","","","","","","","","","","","","","","","","","",""
"","ATAŞEHİR ADIGÜZEL MESLEK YÜKSEKOKULU","VAKIF MYO","İSTANBUL","BİRİNCİ Ö.","659","472","1131","0","0","0","0","0","0","0","0","0","659","472","1131",""
"","ATAŞEHİR ADIGÜZEL MESLEK YÜKSEKOKULU","VAKIF MYO","İSTANBUL","İKİNCİ Ö.","121","109","230","0","0","0","0","0","0","0","0","0","121","109","230",""
"","ATATÜRK ÜNİVERSİTESİ","DEVLET","ERZURUM","BİRİNCİ Ö.","6214","4548","10762","13603","15695","29298","2820","2517","5337","1553","945","2498","24190","23705","47895",""
"","ATATÜRK ÜNİVERSİTESİ","DEVLET","ERZURUM","İKİNCİ Ö.","2263","759","3022","7470","5298","12768","50","1","51","0","0","0","9783","6058","15841",""
"","ATATÜRK ÜNİVERSİTESİ","DEVLET","ERZURUM","UZAKTAN Ö.","28","8","36","1559","2936","4495","405","128","533","0","0","0","1992","3072","5064",""
"","ATATÜRK ÜNİVERSİTESİ","DEVLET","ERZURUM","AÇIK Ö.","113787","152112","265899","27911","32201","60112","0","0","0","0","0","0","141698","184313","326011",""
"","ATILIM ÜNİVERSİTESİ","VAKIF","ANKARA","BİRİNCİ Ö.","13","13","26","4917","3520","8437","502","319","821","90","58","148","5522","3910","9432",""
"","ATILIM ÜNİVERSİTESİ","VAKIF","ANKARA","UZAKTAN Ö.","23","0","23","0","0","0","45","10","55","0","0","0","68","10","78",""
"","AVRASYA ÜNİVERSİTESİ","VAKIF","TRABZON","BİRİNCİ Ö.","949","1084","2033","1766","1884","3650","487","156","643","17","8","25","3219","3132","6351",""
"","AVRASYA ÜNİVERSİTESİ","VAKIF","TRABZON","İKİNCİ Ö.","232","244","476","0","0","0","49","7","56","0","0","0","281","251","532",""
"","AVRUPA MESLEK YÜKSEKOKULU","VAKIF MYO","İSTANBUL","BİRİNCİ Ö.","492","695","1187","0","0","0","0","0","0","0","0","0","492","695","1187",""
"","AVRUPA MESLEK YÜKSEKOKULU","VAKIF MYO","İSTANBUL","İKİNCİ Ö.","504","401","905","0","0","0","0","0","0","0","0","0","504","401","905",""
"","AYDIN ADNAN MENDERES ÜNİVERSİTESİ","DEVLET","AYDIN","BİRİNCİ Ö.","6518","6267","12785","10556","11933","22489","1357","1430","2787","294","362","656","18725","19992","38717",""
"","AYDIN ADNAN MENDERES ÜNİVERSİTESİ","DEVLET","AYDIN","İKİNCİ Ö.","3304","2042","5346","3829","2915","6744","217","85","302","0","0","0","7350","5042","12392",""
"","BAHÇEŞEHİR ÜNİVERSİTESİ","VAKIF","İSTANBUL","BİRİNCİ Ö.","486","686","1172","9240","8153","17393","3154","2802","5956","218","215","433","13098","11856","24954",""
"","BAHÇEŞEHİR ÜNİVERSİTESİ","VAKIF","İSTANBUL","İKİNCİ Ö.","16","5","21","0","0","0","0","0","0","0","0","0","16","5","21",""
"","BAHÇEŞEHİR ÜNİVERSİTESİ","VAKIF","İSTANBUL","UZAKTAN Ö.","5","2","7","0","0","0","101","59","160","0","0","0","106","61","167",""
"","BALIKESİR ÜNİVERSİTESİ","DEVLET","BALIKESİR","BİRİNCİ Ö.","4594","2648","7242","7389","7845","15234","838","830","1668","176","127","303","12997","11450","24447",""
"","BALIKESİR ÜNİVERSİTESİ","DEVLET","BALIKESİR","İKİNCİ Ö.","2339","1185","3524","4181","2389","6570","167","60","227","0","0","0","6687","3634","10321",""
"","BANDIRMA ONYEDİ EYLÜL ÜNİVERSİTESİ","DEVLET","BALIKESİR","BİRİNCİ Ö.","1084","996","2080","2032","2131","4163","274","205","479","19","16","35","3409","3348","6757",""
"","BANDIRMA ONYEDİ EYLÜL ÜNİVERSİTESİ","DEVLET","BALIKESİR","İKİNCİ Ö.","584","453","1037","1530","1114","2644","0","0","0","0","0","0","2114","1567","3681",""
"","BANDIRMA ONYEDİ EYLÜL ÜNİVERSİTESİ","DEVLET","BALIKESİR","UZAKTAN Ö.","1","1","2","0","0","0","0","0","0","0","0","0","1","1","2",""
"","BARTIN ÜNİVERSİTESİ","DEVLET","BARTIN","BİRİNCİ Ö.","1698","1292","2990","3572","3632","7204","625","451","1076","45","46","91","5940","5421","11361",""
"","BARTIN ÜNİVERSİTESİ","DEVLET","BARTIN","İKİNCİ Ö.","686","649","1335","2172","1338","3510","21","6","27","0","0","0","2879","1993","4872",""
"","BARTIN ÜNİVERSİTESİ","DEVLET","BARTIN","UZAKTAN Ö.","11","1","12","10","10","20","233","25","258","0","0","0","254","36","290",""
"","BAŞKENT ÜNİVERSİTESİ","VAKIF","ANKARA","BİRİNCİ Ö.","1146","1195","2341","5160","7154","12314","596","793","1389","240","221","461","7142","9363","16505",""
"","","","","","","","","","","","","","","","","","","","",""
"","","","","","","","","","","","","","","","","","","","",""
"","BAŞKENT ÜNİVERSİTESİ","VAKIF","ANKARA","İKİNCİ Ö.","61","37","98","0","0","0","0","0","0","0","0","0","61","37","98",""
"","BAŞKENT ÜNİVERSİTESİ","VAKIF","ANKARA","UZAKTAN Ö.","0","0","0","0","0","0","63","62","125","0","0","0","63","62","125",""
"","BATMAN ÜNİVERSİTESİ","DEVLET","BATMAN","BİRİNCİ Ö.","1954","1443","3397","3113","2005","5118","543","185","728","27","3","30","5637","3636","9273",""
"","BATMAN ÜNİVERSİTESİ","DEVLET","BATMAN","İKİNCİ Ö.","1286","863","2149","593","157","750","28","3","31","0","0","0","1907","1023","2930",""
"","BAYBURT ÜNİVERSİTESİ","DEVLET","BAYBURT","BİRİNCİ Ö.","1151","1144","2295","2302","2651","4953","305","187","492","18","4","22","3776","3986","7762",""
"","BAYBURT ÜNİVERSİTESİ","DEVLET","BAYBURT","İKİNCİ Ö.","464","521","985","1385","1037","2422","23","0","23","0","0","0","1872","1558","3430",""
"","BAYBURT ÜNİVERSİTESİ","DEVLET","BAYBURT","UZAKTAN Ö.","0","0","0","120","93","213","0","0","0","0","0","0","120","93","213",""
"","BEYKENT ÜNİVERSİTESİ","VAKIF","İSTANBUL","BİRİNCİ Ö.","2535","2953","5488","11179","7969","19148","1408","879","2287","153","83","236","15275","11884","27159",""
"","BEYKENT ÜNİVERSİTESİ","VAKIF","İSTANBUL","İKİNCİ Ö.","1745","1305","3050","0","0","0","0","0","0","0","0","0","1745","1305","3050",""
"","BEYKENT ÜNİVERSİTESİ","VAKIF","İSTANBUL","UZAKTAN Ö.","211","66","277","155","58","213","130","21","151","0","0","0","496","145","641",""
"","BEYKOZ ÜNİVERSİTESİ","VAKIF","İSTANBUL","BİRİNCİ Ö.","1129","738","1867","316","270","586","65","30","95","0","0","0","1510","1038","2548",""
"","BEYKOZ ÜNİVERSİTESİ","VAKIF","İSTANBUL","İKİNCİ Ö.","18","12","30","0","0","0","0","0","0","0","0","0","18","12","30",""
"","BEYKOZ ÜNİVERSİTESİ","VAKIF","İSTANBUL","UZAKTAN Ö.","132","35","167","0","0","0","0","0","0","0","0","0","132","35","167",""
"","BEZM-İ ÂLEM VAKIF ÜNİVERSİTESİ","VAKIF","İSTANBUL","BİRİNCİ Ö.","156","484","640","704","1846","2550","18","72","90","24","43","67","902","2445","3347",""
"","BİLECİK ŞEYH EDEBALİ ÜNİVERSİTESİ","DEVLET","BİLECİK","BİRİNCİ Ö.","2429","1881","4310","3242","3113","6355","512","322","834","56","35","91","6239","5351","11590",""
"","BİLECİK ŞEYH EDEBALİ ÜNİVERSİTESİ","DEVLET","BİLECİK","İKİNCİ Ö.","735","628","1363","1203","919","2122","64","22","86","0","0","0","2002","1569","3571",""
"","BİNGÖL ÜNİVERSİTESİ","DEVLET","BİNGÖL","BİRİNCİ Ö.","2282","1909","4191","3090","2787","5877","341","149","490","66","14","80","5779","4859","10638",""
"","BİNGÖL ÜNİVERSİTESİ","DEVLET","BİNGÖL","İKİNCİ Ö.","790","612","1402","1238","1204","2442","85","20","105","0","0","0","2113","1836","3949",""
"","BİNGÖL ÜNİVERSİTESİ","DEVLET","BİNGÖL","UZAKTAN Ö.","6","3","9","0","0","0","0","0","0","0","0","0","6","3","9",""
"","BİRUNİ ÜNİVERSİTESİ","VAKIF","İSTANBUL","BİRİNCİ Ö.","671","1520","2191","1198","3160","4358","438","373","811","24","27","51","2331","5080","7411",""
"","BİRUNİ ÜNİVERSİTESİ","VAKIF","İSTANBUL","İKİNCİ Ö.","436","528","964","0","0","0","0","0","0","0","0","0","436","528","964",""
"","BİTLİS EREN ÜNİVERSİTESİ","DEVLET","BİTLİS","BİRİNCİ Ö.","2505","1942","4447","1373","1179","2552","251","132","383","8","3","11","4137","3256","7393",""
"","BİTLİS EREN ÜNİVERSİTESİ","DEVLET","BİTLİS","İKİNCİ Ö.","52","17","69","364","156","520","0","0","0","0","0","0","416","173","589",""
"","BİTLİS EREN ÜNİVERSİTESİ","DEVLET","BİTLİS","UZAKTAN Ö.","33","225","258","0","0","0","0","0","0","0","0","0","33","225","258",""
"","BOĞAZİÇİ ÜNİVERSİTESİ","DEVLET","İSTANBUL","BİRİNCİ Ö.","0","0","0","7043","5613","12656","1241","1101","2342","547","513","1060","8831","7227","16058",""
"","BOĞAZİÇİ ÜNİVERSİTESİ","DEVLET","İSTANBUL","İKİNCİ Ö.","0","0","0","0","0","0","210","142","352","0","0","0","210","142","352",""
"","","","","","","","","","","","","","","","","","","","",""
"","","","","","","","","","","","","","","","","","","","",""
"","BOLU ABANT İZZET BAYSAL ÜNİVERSİTESİ","DEVLET","BOLU","BİRİNCİ Ö.","3149","2255","5404","6436","9246","15682","999","1055","2054","228","224","452","10812","12780","23592",""
"","BOLU ABANT İZZET BAYSAL ÜNİVERSİTESİ","DEVLET","BOLU","İKİNCİ Ö.","916","547","1463","2040","2129","4169","34","11","45","0","0","0","2990","2687","5677",""
"","BURDUR MEHMET AKİF ERSOY ÜNİVERSİTESİ","DEVLET","BURDUR","BİRİNCİ Ö.","3886","3340","7226","6274","6820","13094","737","682","1419","121","82","203","11018","10924","21942",""
"","BURDUR MEHMET AKİF ERSOY ÜNİVERSİTESİ","DEVLET","BURDUR","İKİNCİ Ö.","1773","1587","3360","2355","1889","4244","101","6","107","0","0","0","4229","3482","7711",""
"","BURDUR MEHMET AKİF ERSOY ÜNİVERSİTESİ","DEVLET","BURDUR","UZAKTAN Ö.","6","1","7","0","0","0","79","8","87","0","0","0","85","9","94",""
"","BURSA TEKNİK ÜNİVERSİTESİ","DEVLET","BURSA","BİRİNCİ Ö.","0","0","0","1927","1574","3501","354","208","562","75","43","118","2356","1825","4181",""
"","BURSA TEKNİK ÜNİVERSİTESİ","DEVLET","BURSA","İKİNCİ Ö.","0","0","0","0","0","0","156","58","214","0","0","0","156","58","214",""
"","BURSA ULUDAĞ ÜNİVERSİTESİ","DEVLET","BURSA","BİRİNCİ Ö.","7121","5220","12341","16225","16910","33135","3094","3418","6512","1148","817","1965","27588","26365","53953",""
"","BURSA ULUDAĞ ÜNİVERSİTESİ","DEVLET","BURSA","İKİNCİ Ö.","3924","1886","5810","5862","4741","10603","155","86","241","0","0","0","9941","6713","16654",""
"","ÇAĞ ÜNİVERSİTESİ","VAKIF","MERSİN","BİRİNCİ Ö.","535","781","1316","1310","1863","3173","674","489","1163","9","8","17","2528","3141","5669",""
"","ÇANAKKALE ONSEKİZ MART ÜNİVERSİTESİ","DEVLET","ÇANAKKALE","BİRİNCİ Ö.","5531","4371","9902","9704","11127","20831","2288","2147","4435","283","225","508","17806","17870","35676",""
"","ÇANAKKALE ONSEKİZ MART ÜNİVERSİTESİ","DEVLET","ÇANAKKALE","İKİNCİ Ö.","2719","1340","4059","3629","3292","6921","211","75","286","0","0","0","6559","4707","11266",""
"","ÇANAKKALE ONSEKİZ MART ÜNİVERSİTESİ","DEVLET","ÇANAKKALE","UZAKTAN Ö.","53","58","111","0","0","0","93","73","166","0","0","0","146","131","277",""
"","ÇANKAYA ÜNİVERSİTESİ","VAKIF","ANKARA","BİRİNCİ Ö.","137","104","241","3747","3237","6984","428","371","799","41","31","72","4353","3743","8096",""
"","ÇANKAYA ÜNİVERSİTESİ","VAKIF","ANKARA","UZAKTAN Ö.","0","0","0","0","0","0","41","11","52","0","0","0","41","11","52",""
"","ÇANKIRI KARATEKİN ÜNİVERSİTESİ","DEVLET","ÇANKIRI","BİRİNCİ Ö.","2028","852","2880","1980","2891","4871","721","562","1283","51","31","82","4780","4336","9116",""
"","ÇANKIRI KARATEKİN ÜNİVERSİTESİ","DEVLET","ÇANKIRI","İKİNCİ Ö.","811","381","1192","1116","1361","2477","0","0","0","0","0","0","1927","1742","3669",""
"","ÇUKUROVA ÜNİVERSİTESİ","DEVLET","ADANA","BİRİNCİ Ö.","5066","3322","8388","13710","12749","26459","3028","2549","5577","985","794","1779","22789","19414","42203",""
"","ÇUKUROVA ÜNİVERSİTESİ","DEVLET","ADANA","İKİNCİ Ö.","2032","1297","3329","4359","2815","7174","656","236","892","0","0","0","7047","4348","11395",""
"","ÇUKUROVA ÜNİVERSİTESİ","DEVLET","ADANA","UZAKTAN Ö.","451","392","843","0","0","0","211","85","296","0","0","0","662","477","1139",""
"","DEMİROĞLU BİLİM ÜNİVERSİTESİ","VAKIF","İSTANBUL","BİRİNCİ Ö.","127","302","429","530","1203","1733","22","75","97","0","7","7","679","1587","2266",""
"","DEMİROĞLU BİLİM ÜNİVERSİTESİ","VAKIF","İSTANBUL","İKİNCİ Ö.","76","116","192","0","0","0","0","0","0","0","0","0","76","116","192",""
"","DİCLE ÜNİVERSİTESİ","DEVLET","DİYARBAKIR","BİRİNCİ Ö.","3348","2524","5872","9497","7726","17223","1127","656","1783","412","153","565","14384","11059","25443",""
"","DİCLE ÜNİVERSİTESİ","DEVLET","DİYARBAKIR","İKİNCİ Ö.","372","150","522","1157","746","1903","56","5","61","0","0","0","1585","901","2486",""
"","DİCLE ÜNİVERSİTESİ","DEVLET","DİYARBAKIR","UZAKTAN Ö.","0","0","0","829","705","1534","3","0","3","0","0","0","832","705","1537",""
"","DOĞUŞ ÜNİVERSİTESİ","VAKIF","İSTANBUL","BİRİNCİ Ö.","940","1065","2005","3684","2360","6044","242","117","359","44","46","90","4910","3588","8498",""
"","","","","","","","","","","","","","","","","","","","",""
"","","","","","","","","","","","","","","","","","","","",""
"","DOĞUŞ ÜNİVERSİTESİ","VAKIF","İSTANBUL","İKİNCİ Ö.","96","40","136","0","0","0","0","0","0","0","0","0","96","40","136",""
"","DOKUZ EYLÜL ÜNİVERSİTESİ","DEVLET","İZMİR","BİRİNCİ Ö.","4497","2520","7017","19880","17657","37537","3708","3932","7640","1079","1056","2135","29164","25165","54329",""
"","DOKUZ EYLÜL ÜNİVERSİTESİ","DEVLET","İZMİR","İKİNCİ Ö.","2720","1009","3729","5915","3691","9606","192","209","401","0","0","0","8827","4909","13736",""
"","DOKUZ EYLÜL ÜNİVERSİTESİ","DEVLET","İZMİR","UZAKTAN Ö.","279","54","333","572","1293","1865","43","25","68","0","0","0","894","1372","2266",""
"","DÜZCE ÜNİVERSİTESİ","DEVLET","DÜZCE","BİRİNCİ Ö.","3339","2181","5520","6386","6404","12790","1260","917","2177","223","114","337","11208","9616","20824",""
"","DÜZCE ÜNİVERSİTESİ","DEVLET","DÜZCE","İKİNCİ Ö.","796","367","1163","3130","1465","4595","72","24","96","0","0","0","3998","1856","5854",""
"","EGE ÜNİVERSİTESİ","DEVLET","İZMİR","BİRİNCİ Ö.","6417","4248","10665","15817","15809","31626","2242","2983","5225","1271","1562","2833","25747","24602","50349",""
"","EGE ÜNİVERSİTESİ","DEVLET","İZMİR","İKİNCİ Ö.","3390","1494","4884","2126","1328","3454","251","175","426","0","0","0","5767","2997","8764",""
"","EGE ÜNİVERSİTESİ","DEVLET","İZMİR","UZAKTAN Ö.","0","0","0","0","0","0","36","13","49","0","0","0","36","13","49",""
"","ERCİYES ÜNİVERSİTESİ","DEVLET","KAYSERİ","BİRİNCİ Ö.","679","1378","2057","13779","14194","27973","3034","2610","5644","943","697","1640","18435","18879","37314",""
"","ERCİYES ÜNİVERSİTESİ","DEVLET","KAYSERİ","İKİNCİ Ö.","0","1","1","7735","5087","12822","103","43","146","0","0","0","7838","5131","12969",""
"","ERZİNCAN BİNALİ YILDIRIM ÜNİVERSİTESİ","DEVLET","ERZİNCAN","BİRİNCİ Ö.","4360","2979","7339","4813","5809","10622","706","613","1319","76","47","123","9955","9448","19403",""
"","ERZİNCAN BİNALİ YILDIRIM ÜNİVERSİTESİ","DEVLET","ERZİNCAN","İKİNCİ Ö.","788","312","1100","1251","871","2122","94","19","113","0","0","0","2133","1202","3335",""
"","ERZİNCAN BİNALİ YILDIRIM ÜNİVERSİTESİ","DEVLET","ERZİNCAN","UZAKTAN Ö.","313","70","383","0","0","0","0","0","0","0","0","0","313","70","383",""
"","ERZURUM TEKNİK ÜNİVERSİTESİ","DEVLET","ERZURUM","BİRİNCİ Ö.","0","0","0","1143","1031","2174","174","111","285","32","22","54","1349","1164","2513",""
"","ERZURUM TEKNİK ÜNİVERSİTESİ","DEVLET","ERZURUM","İKİNCİ Ö.","0","0","0","1038","581","1619","0","0","0","0","0","0","1038","581","1619",""
"","ESKİŞEHİR OSMANGAZİ ÜNİVERSİTESİ","DEVLET","ESKİŞEHİR","BİRİNCİ Ö.","1293","1100","2393","9054","8156","17210","1191","1014","2205","519","406","925","12057","10676","22733",""
"","ESKİŞEHİR OSMANGAZİ ÜNİVERSİTESİ","DEVLET","ESKİŞEHİR","İKİNCİ Ö.","3","3","6","4502","2756","7258","304","112","416","0","0","0","4809","2871","7680",""
"","ESKİŞEHİR OSMANGAZİ ÜNİVERSİTESİ","DEVLET","ESKİŞEHİR","UZAKTAN Ö.","0","0","0","0","0","0","26","25","51","0","0","0","26","25","51",""
"","ESKİŞEHİR TEKNİK ÜNİVERSİTESİ","DEVLET","ESKİŞEHİR","BİRİNCİ Ö.","2296","722","3018","4808","3765","8573","1018","728","1746","349","235","584","8471","5450","13921",""
"","ESKİŞEHİR TEKNİK ÜNİVERSİTESİ","DEVLET","ESKİŞEHİR","İKİNCİ Ö.","78","21","99","0","0","0","0","0","0","0","0","0","78","21","99",""
"","ESKİŞEHİR TEKNİK ÜNİVERSİTESİ","DEVLET","ESKİŞEHİR","UZAKTAN Ö.","0","0","0","0","0","0","248","52","300","0","0","0","248","52","300",""
"","FARUK SARAÇ TASARIM MESLEK YÜKSEKOKULU","VAKIF MYO","BURSA","BİRİNCİ Ö.","204","393","597","0","0","0","0","0","0","0","0","0","204","393","597",""
"","FARUK SARAÇ TASARIM MESLEK YÜKSEKOKULU","VAKIF MYO","BURSA","İKİNCİ Ö.","12","18","30","0","0","0","0","0","0","0","0","0","12","18","30",""
"","FATİH SULTAN MEHMET VAKIF ÜNİVERSİTESİ","VAKIF","İSTANBUL","BİRİNCİ Ö.","230","345","575","2131","2863","4994","303","408","711","79","76","155","2743","3692","6435",""
"","FATİH SULTAN MEHMET VAKIF ÜNİVERSİTESİ","VAKIF","İSTANBUL","İKİNCİ Ö.","137","152","289","0","0","0","0","0","0","0","0","0","137","152","289",""
"","","","","","","","","","","","","","","","","","","","",""
"","","","","","","","","","","","","","","","","","","","",""
"","FIRAT ÜNİVERSİTESİ","DEVLET","ELAZIĞ","BİRİNCİ Ö.","3317","2137","5454","11258","8881","20139","1783","1275","3058","579","350","929","16937","12643","29580",""
"","FIRAT ÜNİVERSİTESİ","DEVLET","ELAZIĞ","İKİNCİ Ö.","1303","614","1917","6000","2503","8503","210","39","249","0","0","0","7513","3156","10669",""
"","FIRAT ÜNİVERSİTESİ","DEVLET","ELAZIĞ","UZAKTAN Ö.","0","1","1","486","642","1128","0","0","0","0","0","0","486","643","1129",""
"","GALATASARAY ÜNİVERSİTESİ","DEVLET","İSTANBUL","BİRİNCİ Ö.","0","0","0","1336","1329","2665","449","445","894","162","152","314","1947","1926","3873",""
"","GALATASARAY ÜNİVERSİTESİ","DEVLET","İSTANBUL","İKİNCİ Ö.","129","27","156","0","0","0","179","281","460","0","0","0","308","308","616",""
"","GAZİ ÜNİVERSİTESİ","DEVLET","ANKARA","BİRİNCİ Ö.","2626","1449","4075","12713","13423","26136","3148","3735","6883","1607","1649","3256","20094","20256","40350",""
"","GAZİ ÜNİVERSİTESİ","DEVLET","ANKARA","İKİNCİ Ö.","843","277","1120","779","355","1134","53","47","100","0","0","0","1675","679","2354",""
"","GAZİ ÜNİVERSİTESİ","DEVLET","ANKARA","UZAKTAN Ö.","467","373","840","0","0","0","44","17","61","0","0","0","511","390","901",""
"","GAZİANTEP ÜNİVERSİTESİ","DEVLET","GAZİANTEP","BİRİNCİ Ö.","6026","4936","10962","9744","10426","20170","2213","1446","3659","442","250","692","18425","17058","35483",""
"","GAZİANTEP ÜNİVERSİTESİ","DEVLET","GAZİANTEP","İKİNCİ Ö.","2052","733","2785","3453","1846","5299","762","335","1097","0","0","0","6267","2914","9181",""
"","GAZİANTEP ÜNİVERSİTESİ","DEVLET","GAZİANTEP","UZAKTAN Ö.","0","0","0","0","0","0","130","21","151","0","0","0","130","21","151",""
"","GEBZE TEKNİK ÜNİVERSİTESİ","DEVLET","KOCAELİ","BİRİNCİ Ö.","0","0","0","2173","1485","3658","1617","891","2508","472","327","799","4262","2703","6965",""
"","GEBZE TEKNİK ÜNİVERSİTESİ","DEVLET","KOCAELİ","İKİNCİ Ö.","0","0","0","0","0","0","484","101","585","0","0","0","484","101","585",""
"","GİRESUN ÜNİVERSİTESİ","DEVLET","GİRESUN","BİRİNCİ Ö.","5526","4795","10321","4921","6129","11050","768","706","1474","65","62","127","11280","11692","22972",""
"","GİRESUN ÜNİVERSİTESİ","DEVLET","GİRESUN","İKİNCİ Ö.","2672","1730","4402","1933","1925","3858","36","2","38","0","0","0","4641","3657","8298",""
"","GÜMÜŞHANE ÜNİVERSİTESİ","DEVLET","GÜMÜŞHANE","BİRİNCİ Ö.","2101","1690","3791","3073","3514","6587","530","363","893","55","23","78","5759","5590","11349",""
"","GÜMÜŞHANE ÜNİVERSİTESİ","DEVLET","GÜMÜŞHANE","İKİNCİ Ö.","918","797","1715","2505","1777","4282","0","0","0","0","0","0","3423","2574","5997",""
"","HACETTEPE ÜNİVERSİTESİ","DEVLET","ANKARA","BİRİNCİ Ö.","2142","2285","4427","14894","20437","35331","2610","3278","5888","1867","2262","4129","21513","28262","49775",""
"","HACETTEPE ÜNİVERSİTESİ","DEVLET","ANKARA","İKİNCİ Ö.","729","141","870","0","0","0","778","490","1268","0","0","0","1507","631","2138",""
"","HACETTEPE ÜNİVERSİTESİ","DEVLET","ANKARA","UZAKTAN Ö.","0","0","0","0","0","0","27","67","94","0","0","0","27","67","94",""
"","HAKKARİ ÜNİVERSİTESİ","DEVLET","HAKKARİ","BİRİNCİ Ö.","734","513","1247","308","310","618","26","10","36","0","0","0","1068","833","1901",""
"","HAKKARİ ÜNİVERSİTESİ","DEVLET","HAKKARİ","İKİNCİ Ö.","0","1","1","2","1","3","0","0","0","0","0","0","2","2","4",""
"","HALİÇ ÜNİVERSİTESİ","VAKIF","İSTANBUL","BİRİNCİ Ö.","489","603","1092","4044","4087","8131","655","672","1327","143","55","198","5331","5417","10748",""
"","HALİÇ ÜNİVERSİTESİ","VAKIF","İSTANBUL","İKİNCİ Ö.","32","36","68","0","0","0","0","0","0","0","0","0","32","36","68",""
"","HARRAN ÜNİVERSİTESİ","DEVLET","ŞANLIURFA","BİRİNCİ Ö.","4341","3230","7571","5906","5828","11734","1520","834","2354","210","95","305","11977","9987","21964",""
"","HARRAN ÜNİVERSİTESİ","DEVLET","ŞANLIURFA","İKİNCİ Ö.","1169","496","1665","1142","699","1841","83","12","95","0","0","0","2394","1207","3601",""
"","","","","","","","","","","","","","","","","","","","",""
"","","","","","","","","","","","","","","","","","","","",""
"","HASAN KALYONCU ÜNİVERSİTESİ","VAKIF","GAZİANTEP","BİRİNCİ Ö.","209","348","557","2547","3291","5838","769","499","1268","126","96","222","3651","4234","7885",""
"","HASAN KALYONCU ÜNİVERSİTESİ","VAKIF","GAZİANTEP","UZAKTAN Ö.","0","0","0","0","0","0","40","6","46","0","0","0","40","6","46",""
"","HATAY MUSTAFA KEMAL ÜNİVERSİTESİ","DEVLET","HATAY","BİRİNCİ Ö.","3845","3002","6847","5770","5889","11659","858","646","1504","152","98","250","10625","9635","20260",""
"","HATAY MUSTAFA KEMAL ÜNİVERSİTESİ","DEVLET","HATAY","İKİNCİ Ö.","1081","594","1675","701","510","1211","277","36","313","0","0","0","2059","1140","3199",""
"","HATAY MUSTAFA KEMAL ÜNİVERSİTESİ","DEVLET","HATAY","UZAKTAN Ö.","0","0","0","0","0","0","85","8","93","0","0","0","85","8","93",""
"","HİTİT ÜNİVERSİTESİ","DEVLET","ÇORUM","BİRİNCİ Ö.","4301","2392","6693","3241","3337","6578","675","581","1256","106","51","157","8323","6361","14684",""
"","HİTİT ÜNİVERSİTESİ","DEVLET","ÇORUM","İKİNCİ Ö.","786","442","1228","1420","1112","2532","102","12","114","0","0","0","2308","1566","3874",""
"","IĞDIR ÜNİVERSİTESİ","DEVLET","IĞDIR","BİRİNCİ Ö.","1102","1226","2328","1185","906","2091","595","223","818","14","4","18","2896","2359","5255",""
"","IĞDIR ÜNİVERSİTESİ","DEVLET","IĞDIR","İKİNCİ Ö.","408","357","765","403","293","696","16","2","18","0","0","0","827","652","1479",""
"","ISPARTA UYGULAMALI BİLİMLER ÜNİVERSİTESİ","DEVLET","ISPARTA","BİRİNCİ Ö.","12508","7702","20210","2782","1008","3790","739","434","1173","129","76","205","16158","9220","25378",""
"","ISPARTA UYGULAMALI BİLİMLER ÜNİVERSİTESİ","DEVLET","ISPARTA","İKİNCİ Ö.","5404","2687","8091","1630","475","2105","0","0","0","0","0","0","7034","3162","10196",""
"","ISPARTA UYGULAMALI BİLİMLER ÜNİVERSİTESİ","DEVLET","ISPARTA","UZAKTAN Ö.","656","466","1122","13","11","24","0","0","0","0","0","0","669","477","1146",""
"","IŞIK ÜNİVERSİTESİ","VAKIF","İSTANBUL","BİRİNCİ Ö.","308","407","715","2771","2068","4839","374","293","667","44","27","71","3497","2795","6292",""
"","IŞIK ÜNİVERSİTESİ","VAKIF","İSTANBUL","İKİNCİ Ö.","232","196","428","23","19","42","0","0","0","0","0","0","255","215","470",""
"","IŞIK ÜNİVERSİTESİ","VAKIF","İSTANBUL","UZAKTAN Ö.","0","0","0","0","0","0","184","48","232","0","0","0","184","48","232",""
"","İBN HALDUN ÜNİVERSİTESİ","VAKIF","İSTANBUL","BİRİNCİ Ö.","0","0","0","205","198","403","249","237","486","64","25","89","518","460","978",""
"","İHSAN DOĞRAMACI BİLKENT ÜNİVERSİTESİ","VAKIF","ANKARA","BİRİNCİ Ö.","0","0","0","5881","5133","11014","390","363","753","232","186","418","6503","5682","12185",""
"","İNÖNÜ ÜNİVERSİTESİ","DEVLET","MALATYA","BİRİNCİ Ö.","1985","1735","3720","8826","10609","19435","1510","1192","2702","772","407","1179","13093","13943","27036",""
"","İNÖNÜ ÜNİVERSİTESİ","DEVLET","MALATYA","İKİNCİ Ö.","658","297","955","3723","3263","6986","191","60","251","0","0","0","4572","3620","8192",""
"","İNÖNÜ ÜNİVERSİTESİ","DEVLET","MALATYA","UZAKTAN Ö.","152","47","199","1648","2293","3941","67","12","79","0","0","0","1867","2352","4219",""
"","İSKENDERUN TEKNİK ÜNİVERSİTESİ","DEVLET","HATAY","BİRİNCİ Ö.","2527","765","3292","2651","793","3444","537","234","771","67","25","92","5782","1817","7599",""
"","İSKENDERUN TEKNİK ÜNİVERSİTESİ","DEVLET","HATAY","İKİNCİ Ö.","698","123","821","2045","458","2503","104","20","124","0","0","0","2847","601","3448",""
"","İSTANBUL AREL ÜNİVERSİTESİ","VAKIF","İSTANBUL","BİRİNCİ Ö.","1760","1600","3360","2909","2776","5685","1396","903","2299","125","110","235","6190","5389","11579",""
"","İSTANBUL AREL ÜNİVERSİTESİ","VAKIF","İSTANBUL","İKİNCİ Ö.","1013","703","1716","0","0","0","0","0","0","0","0","0","1013","703","1716",""
"","İSTANBUL AREL ÜNİVERSİTESİ","VAKIF","İSTANBUL","UZAKTAN Ö.","0","0","0","0","0","0","360","41","401","0","0","0","360","41","401",""
"","İSTANBUL AYDIN ÜNİVERSİTESİ","VAKIF","İSTANBUL","BİRİNCİ Ö.","4789","4385","9174","8403","8106","16509","2418","1830","4248","164","116","280","15774","14437","30211",""
"","","","","","","","","","","","","","","","","","","","",""
"","","","","","","","","","","","","","","","","","","","",""
"","İSTANBUL AYDIN ÜNİVERSİTESİ","VAKIF","İSTANBUL","İKİNCİ Ö.","3178","2430","5608","0","0","0","0","0","0","0","0","0","3178","2430","5608",""
"","İSTANBUL AYDIN ÜNİVERSİTESİ","VAKIF","İSTANBUL","UZAKTAN Ö.","144","29","173","0","0","0","5","2","7","0","0","0","149","31","180",""
"","İSTANBUL AYVANSARAY ÜNİVERSİTESİ","VAKIF","İSTANBUL","BİRİNCİ Ö.","1504","1746","3250","133","172","305","62","48","110","0","0","0","1699","1966","3665",""
"","İSTANBUL AYVANSARAY ÜNİVERSİTESİ","VAKIF","İSTANBUL","İKİNCİ Ö.","756","576","1332","0","0","0","0","0","0","0","0","0","756","576","1332",""
"","İSTANBUL AYVANSARAY ÜNİVERSİTESİ","VAKIF","İSTANBUL","UZAKTAN Ö.","215","522","737","0","0","0","0","0","0","0","0","0","215","522","737",""
"","İSTANBUL BİLGİ ÜNİVERSİTESİ","VAKIF","İSTANBUL","BİRİNCİ Ö.","1642","1770","3412","8441","8048","16489","1223","1689","2912","113","116","229","11419","11623","23042",""
"","İSTANBUL BİLGİ ÜNİVERSİTESİ","VAKIF","İSTANBUL","İKİNCİ Ö.","1055","883","1938","0","0","0","0","0","0","0","0","0","1055","883","1938",""
"","İSTANBUL BİLGİ ÜNİVERSİTESİ","VAKIF","İSTANBUL","UZAKTAN Ö.","0","1","1","0","0","0","173","110","283","0","0","0","173","111","284",""
"","İSTANBUL ESENYURT ÜNİVERSİTESİ","VAKIF","İSTANBUL","BİRİNCİ Ö.","991","981","1972","1926","1649","3575","394","294","688","0","0","0","3311","2924","6235",""
"","İSTANBUL ESENYURT ÜNİVERSİTESİ","VAKIF","İSTANBUL","İKİNCİ Ö.","366","271","637","0","0","0","0","0","0","0","0","0","366","271","637",""
"","İSTANBUL ESENYURT ÜNİVERSİTESİ","VAKIF","İSTANBUL","UZAKTAN Ö.","0","0","0","0","0","0","212","52","264","0","0","0","212","52","264",""
"","İSTANBUL GEDİK ÜNİVERSİTESİ","VAKIF","İSTANBUL","BİRİNCİ Ö.","775","456","1231","1462","967","2429","418","194","612","49","14","63","2704","1631","4335",""
"","İSTANBUL GEDİK ÜNİVERSİTESİ","VAKIF","İSTANBUL","İKİNCİ Ö.","173","27","200","0","0","0","2","0","2","0","0","0","175","27","202",""
"","İSTANBUL GELİŞİM ÜNİVERSİTESİ","VAKIF","İSTANBUL","BİRİNCİ Ö.","3141","2932","6073","6764","5630","12394","1130","769","1899","109","32","141","11144","9363","20507",""
"","İSTANBUL GELİŞİM ÜNİVERSİTESİ","VAKIF","İSTANBUL","İKİNCİ Ö.","1844","1388","3232","0","0","0","0","0","0","0","0","0","1844","1388","3232",""
"","İSTANBUL KAVRAM MESLEK YÜKSEKOKULU","VAKIF MYO","İSTANBUL","BİRİNCİ Ö.","656","705","1361","0","0","0","0","0","0","0","0","0","656","705","1361",""
"","İSTANBUL KAVRAM MESLEK YÜKSEKOKULU","VAKIF MYO","İSTANBUL","İKİNCİ Ö.","339","277","616","0","0","0","0","0","0","0","0","0","339","277","616",""
"","İSTANBUL KENT ÜNİVERSİTESİ","VAKIF","İSTANBUL","BİRİNCİ Ö.","101","344","445","96","540","636","671","351","1022","0","0","0","868","1235","2103",""
"","İSTANBUL KÜLTÜR ÜNİVERSİTESİ","VAKIF","İSTANBUL","BİRİNCİ Ö.","1588","1205","2793","5853","5218","11071","726","505","1231","132","72","204","8299","7000","15299",""
"","İSTANBUL KÜLTÜR ÜNİVERSİTESİ","VAKIF","İSTANBUL","İKİNCİ Ö.","138","128","266","0","0","0","0","0","0","0","0","0","138","128","266",""
"","İSTANBUL KÜLTÜR ÜNİVERSİTESİ","VAKIF","İSTANBUL","UZAKTAN Ö.","0","0","0","0","0","0","117","15","132","0","0","0","117","15","132",""
"","İSTANBUL MEDENİYET ÜNİVERSİTESİ","DEVLET","İSTANBUL","BİRİNCİ Ö.","0","0","0","2580","3304","5884","509","331","840","172","146","318","3261","3781","7042",""
"","İSTANBUL MEDENİYET ÜNİVERSİTESİ","DEVLET","İSTANBUL","İKİNCİ Ö.","0","0","0","0","0","0","351","161","512","0","0","0","351","161","512",""
"","İSTANBUL MEDİPOL ÜNİVERSİTESİ","VAKIF","İSTANBUL","BİRİNCİ Ö.","2408","4741","7149","5515","11899","17414","508","847","1355","216","270","486","8647","17757","26404",""
"","İSTANBUL MEDİPOL ÜNİVERSİTESİ","VAKIF","İSTANBUL","İKİNCİ Ö.","1764","2424","4188","0","0","0","0","0","0","0","0","0","1764","2424","4188",""
"","İSTANBUL MEDİPOL ÜNİVERSİTESİ","VAKIF","İSTANBUL","UZAKTAN Ö.","8","4","12","7","5","12","0","0","0","0","0","0","15","9","24",""
"","","","","","","","","","","","","","","","","","","","",""
"","","","","","","","","","","","","","","","","","","","",""
"","İSTANBUL OKAN ÜNİVERSİTESİ","VAKIF","İSTANBUL","BİRİNCİ Ö.","1759","1717","3476","5379","5010","10389","1461","1575","3036","224","154","378","8823","8456","17279",""
"","İSTANBUL OKAN ÜNİVERSİTESİ","VAKIF","İSTANBUL","İKİNCİ Ö.","534","431","965","0","0","0","0","0","0","0","0","0","534","431","965",""
"","İSTANBUL OKAN ÜNİVERSİTESİ","VAKIF","İSTANBUL","UZAKTAN Ö.","58","26","84","0","0","0","4132","126","4258","0","0","0","4190","152","4342",""
"","İSTANBUL RUMELİ ÜNİVERSİTESİ","VAKIF","İSTANBUL","BİRİNCİ Ö.","614","746","1360","223","238","461","417","81","498","0","0","0","1254","1065","2319",""
"","İSTANBUL RUMELİ ÜNİVERSİTESİ","VAKIF","İSTANBUL","İKİNCİ Ö.","10","16","26","0","0","0","0","0","0","0","0","0","10","16","26",""
"","İSTANBUL RUMELİ ÜNİVERSİTESİ","VAKIF","İSTANBUL","UZAKTAN Ö.","0","0","0","0","0","0","72","26","98","0","0","0","72","26","98",""
"","İSTANBUL SABAHATTİN ZAİM ÜNİVERSİTESİ","VAKIF","İSTANBUL","BİRİNCİ Ö.","0","0","0","2750","4540","7290","1609","994","2603","440","120","560","4799","5654","10453",""
"","İSTANBUL ŞEHİR ÜNİVERSİTESİ","VAKIF","İSTANBUL","BİRİNCİ Ö.","300","336","636","2384","2135","4519","454","365","819","13","28","41","3151","2864","6015",""
"","İSTANBUL ŞEHİR ÜNİVERSİTESİ","VAKIF","İSTANBUL","İKİNCİ Ö.","36","57","93","0","0","0","0","0","0","0","0","0","36","57","93",""
"","İSTANBUL ŞİŞLİ MESLEK YÜKSEKOKULU","VAKIF MYO","İSTANBUL","BİRİNCİ Ö.","1255","1548","2803","0","0","0","0","0","0","0","0","0","1255","1548","2803",""
"","İSTANBUL ŞİŞLİ MESLEK YÜKSEKOKULU","VAKIF MYO","İSTANBUL","İKİNCİ Ö.","600","642","1242","0","0","0","0","0","0","0","0","0","600","642","1242",""
"","İSTANBUL TEKNİK ÜNİVERSİTESİ","DEVLET","İSTANBUL","BİRİNCİ Ö.","15","0","15","17871","8362","26233","5435","3436","8871","2208","1555","3763","25529","13353","38882",""
"","İSTANBUL TEKNİK ÜNİVERSİTESİ","DEVLET","İSTANBUL","İKİNCİ Ö.","26","6","32","0","0","0","198","144","342","0","0","0","224","150","374",""
"","İSTANBUL TİCARET ÜNİVERSİTESİ","VAKIF","İSTANBUL","BİRİNCİ Ö.","114","79","193","3468","2729","6197","1220","795","2015","325","170","495","5127","3773","8900",""
"","İSTANBUL TİCARET ÜNİVERSİTESİ","VAKIF","İSTANBUL","İKİNCİ Ö.","6","11","17","0","0","0","0","0","0","0","0","0","6","11","17",""
"","İSTANBUL TİCARET ÜNİVERSİTESİ","VAKIF","İSTANBUL","UZAKTAN Ö.","0","0","0","0","0","0","32","13","45","0","0","0","32","13","45",""
"","İSTANBUL ÜNİVERSİTESİ","DEVLET","İSTANBUL","BİRİNCİ Ö.","435","346","781","22400","22078","44478","6180","6094","12274","3135","2734","5869","32150","31252","63402",""
"","İSTANBUL ÜNİVERSİTESİ","DEVLET","İSTANBUL","İKİNCİ Ö.","0","0","0","2830","2590","5420","642","495","1137","0","0","0","3472","3085","6557",""
"","İSTANBUL ÜNİVERSİTESİ","DEVLET","İSTANBUL","UZAKTAN Ö.","1827","1983","3810","5435","6157","11592","128","31","159","0","0","0","7390","8171","15561",""
"","İSTANBUL ÜNİVERSİTESİ","DEVLET","İSTANBUL","AÇIK Ö.","26627","41032","67659","56288","96163","152451","0","0","0","0","0","0","82915","137195","220110",""
"","İSTANBUL ÜNİVERSİTESİ-CERRAHPAŞA","DEVLET","İSTANBUL","BİRİNCİ Ö.","5217","3324","8541","10606","9750","20356","1749","1905","3654","944","1119","2063","18516","16098","34614",""
"","İSTANBUL ÜNİVERSİTESİ-CERRAHPAŞA","DEVLET","İSTANBUL","İKİNCİ Ö.","2221","412","2633","113","22","135","16","5","21","0","0","0","2350","439","2789",""
"","İSTANBUL ÜNİVERSİTESİ-CERRAHPAŞA","DEVLET","İSTANBUL","UZAKTAN Ö.","497","747","1244","25","13","38","3","0","3","0","0","0","525","760","1285",""
"","İSTANBUL YENİ YÜZYIL ÜNİVERSİTESİ","VAKIF","İSTANBUL","BİRİNCİ Ö.","572","782","1354","2611","2929","5540","1218","368","1586","34","15","49","4435","4094","8529",""
"","İSTANBUL YENİ YÜZYIL ÜNİVERSİTESİ","VAKIF","İSTANBUL","İKİNCİ Ö.","212","157","369","0","0","0","0","0","0","0","0","0","212","157","369",""
"","İSTANBUL 29 MAYIS ÜNİVERSİTESİ","VAKIF","İSTANBUL","BİRİNCİ Ö.","0","0","0","452","862","1314","124","149","273","33","27","60","609","1038","1647",""
"","","","","","","","","","","","","","","","","","","","",""
"","","","","","","","","","","","","","","","","","","","",""
"","İSTİNYE ÜNİVERSİTESİ","VAKIF","İSTANBUL","BİRİNCİ Ö.","602","1013","1615","1004","1987","2991","234","198","432","0","0","0","1840","3198","5038",""
"","İSTİNYE ÜNİVERSİTESİ","VAKIF","İSTANBUL","İKİNCİ Ö.","207","203","410","0","0","0","0","0","0","0","0","0","207","203","410",""
"","İZMİR BAKIRÇAY ÜNİVERSİTESİ","DEVLET","İZMİR","BİRİNCİ Ö.","25","40","65","338","428","766","0","0","0","0","0","0","363","468","831",""
"","İZMİR DEMOKRASİ ÜNİVERSİTESİ","DEVLET","İZMİR","BİRİNCİ Ö.","0","0","0","910","1055","1965","56","71","127","2","2","4","968","1128","2096",""
"","İZMİR DEMOKRASİ ÜNİVERSİTESİ","DEVLET","İZMİR","İKİNCİ Ö.","0","0","0","0","0","0","96","49","145","0","0","0","96","49","145",""
"","İZMİR EKONOMİ ÜNİVERSİTESİ","VAKIF","İZMİR","BİRİNCİ Ö.","702","861","1563","3483","3560","7043","269","267","536","36","42","78","4490","4730","9220",""
"","İZMİR EKONOMİ ÜNİVERSİTESİ","VAKIF","İZMİR","İKİNCİ Ö.","24","16","40","0","0","0","0","0","0","0","0","0","24","16","40",""
"","İZMİR EKONOMİ ÜNİVERSİTESİ","VAKIF","İZMİR","UZAKTAN Ö.","0","0","0","0","0","0","59","3","62","0","0","0","59","3","62",""
"","İZMİR KATİP ÇELEBİ ÜNİVERSİTESİ","DEVLET","İZMİR","BİRİNCİ Ö.","222","426","648","4524","4822","9346","762","622","1384","196","114","310","5704","5984","11688",""
"","İZMİR KATİP ÇELEBİ ÜNİVERSİTESİ","DEVLET","İZMİR","İKİNCİ Ö.","0","0","0","0","0","0","601","148","749","0","0","0","601","148","749",""
"","İZMİR KAVRAM MESLEK YÜKSEKOKULU","VAKIF MYO","İSTANBUL","BİRİNCİ Ö.","250","360","610","0","0","0","0","0","0","0","0","0","250","360","610",""
"","İZMİR YÜKSEK TEKNOLOJİ ENSTİTÜSÜ","DEVLET","İZMİR","BİRİNCİ Ö.","0","0","0","2051","1698","3749","471","475","946","205","213","418","2727","2386","5113",""
"","İZMİR YÜKSEK TEKNOLOJİ ENSTİTÜSÜ","DEVLET","İZMİR","İKİNCİ Ö.","0","0","0","0","0","0","47","22","69","0","0","0","47","22","69",""
"","KADİR HAS ÜNİVERSİTESİ","VAKIF","İSTANBUL","BİRİNCİ Ö.","239","225","464","2628","2625","5253","339","342","681","177","69","246","3383","3261","6644",""
"","KAFKAS ÜNİVERSİTESİ","DEVLET","KARS","BİRİNCİ Ö.","1961","1995","3956","5320","4917","10237","628","512","1140","84","63","147","7993","7487","15480",""
"","KAFKAS ÜNİVERSİTESİ","DEVLET","KARS","İKİNCİ Ö.","1044","779","1823","1460","1331","2791","51","2","53","0","0","0","2555","2112","4667",""
"","KAFKAS ÜNİVERSİTESİ","DEVLET","KARS","UZAKTAN Ö.","52","46","98","0","0","0","0","0","0","0","0","0","52","46","98",""
"","KAHRAMANMARAŞ İSTİKLAL ÜNİVERSİTESİ","DEVLET","KAHRAMANMARAŞ","BİRİNCİ Ö.","957","262","1219","0","0","0","0","0","0","0","0","0","957","262","1219",""
"","KAHRAMANMARAŞ İSTİKLAL ÜNİVERSİTESİ","DEVLET","KAHRAMANMARAŞ","İKİNCİ Ö.","210","59","269","0","0","0","0","0","0","0","0","0","210","59","269",""
"","KAHRAMANMARAŞ SÜTÇÜ İMAM ÜNİVERSİTESİ","DEVLET","KAHRAMANMARAŞ","BİRİNCİ Ö.","5156","4001","9157","5971","6325","12296","1625","1149","2774","291","168","459","13043","11643","24686",""
"","KAHRAMANMARAŞ SÜTÇÜ İMAM ÜNİVERSİTESİ","DEVLET","KAHRAMANMARAŞ","İKİNCİ Ö.","2184","1185","3369","2818","1871","4689","453","75","528","0","0","0","5455","3131","8586",""
"","KAHRAMANMARAŞ SÜTÇÜ İMAM ÜNİVERSİTESİ","DEVLET","KAHRAMANMARAŞ","UZAKTAN Ö.","74","53","127","45","65","110","287","25","312","0","0","0","406","143","549",""
"","KAPADOKYA ÜNİVERSİTESİ","VAKIF","NEVŞEHİR","BİRİNCİ Ö.","1760","1784","3544","100","185","285","25","10","35","0","0","0","1885","1979","3864",""
"","KAPADOKYA ÜNİVERSİTESİ","VAKIF","NEVŞEHİR","İKİNCİ Ö.","0","1","1","0","0","0","0","0","0","0","0","0","0","1","1",""
"","KAPADOKYA ÜNİVERSİTESİ","VAKIF","NEVŞEHİR","UZAKTAN Ö.","303","244","547","0","0","0","27","9","36","0","0","0","330","253","583",""
"","KARABÜK ÜNİVERSİTESİ","DEVLET","KARABÜK","BİRİNCİ Ö.","5505","3399","8904","12817","8914","21731","1610","1078","2688","369","89","458","20301","13480","33781",""
"","","","","","","","","","","","","","","","","","","","",""
"","","","","","","","","","","","","","","","","","","","",""
"","KARABÜK ÜNİVERSİTESİ","DEVLET","KARABÜK","İKİNCİ Ö.","2917","1824","4741","7516","3879","11395","0","0","0","0","0","0","10433","5703","16136",""
"","KARABÜK ÜNİVERSİTESİ","DEVLET","KARABÜK","UZAKTAN Ö.","364","617","981","481","217","698","345","109","454","0","0","0","1190","943","2133",""
"","KARADENİZ TEKNİK ÜNİVERSİTESİ","DEVLET","TRABZON","BİRİNCİ Ö.","2538","1529","4067","11568","9568","21136","1575","1449","3024","700","519","1219","16381","13065","29446",""
"","KARADENİZ TEKNİK ÜNİVERSİTESİ","DEVLET","TRABZON","İKİNCİ Ö.","85","20","105","4932","3408","8340","33","10","43","0","0","0","5050","3438","8488",""
"","KARADENİZ TEKNİK ÜNİVERSİTESİ","DEVLET","TRABZON","UZAKTAN Ö.","12","3","15","48","67","115","227","31","258","0","0","0","287","101","388",""
"","KARAMANOĞLU MEHMETBEY ÜNİVERSİTESİ","DEVLET","KARAMAN","BİRİNCİ Ö.","1750","2067","3817","2496","3195","5691","488","384","872","25","24","49","4759","5670","10429",""
"","KARAMANOĞLU MEHMETBEY ÜNİVERSİTESİ","DEVLET","KARAMAN","İKİNCİ Ö.","825","972","1797","1126","1098","2224","207","98","305","0","0","0","2158","2168","4326",""
"","KASTAMONU ÜNİVERSİTESİ","DEVLET","KASTAMONU","BİRİNCİ Ö.","4312","2562","6874","6067","6736","12803","1398","994","2392","244","107","351","12021","10399","22420",""
"","KASTAMONU ÜNİVERSİTESİ","DEVLET","KASTAMONU","İKİNCİ Ö.","1287","1006","2293","2366","1725","4091","1140","338","1478","0","0","0","4793","3069","7862",""
"","KASTAMONU ÜNİVERSİTESİ","DEVLET","KASTAMONU","UZAKTAN Ö.","0","0","0","0","0","0","149","82","231","0","0","0","149","82","231",""
"","KAYSERİ ÜNİVERSİTESİ","DEVLET","KAYSERİ","BİRİNCİ Ö.","5258","2714","7972","418","364","782","56","34","90","3","3","6","5735","3115","8850",""
"","KAYSERİ ÜNİVERSİTESİ","DEVLET","KAYSERİ","İKİNCİ Ö.","4100","1184","5284","393","247","640","6","2","8","0","0","0","4499","1433","5932",""
"","KIRIKKALE ÜNİVERSİTESİ","DEVLET","KIRIKKALE","BİRİNCİ Ö.","2899","1954","4853","7428","9410","16838","1584","1217","2801","393","186","579","12304","12767","25071",""
"","KIRIKKALE ÜNİVERSİTESİ","DEVLET","KIRIKKALE","İKİNCİ Ö.","1464","632","2096","4431","3059","7490","161","51","212","0","0","0","6056","3742","9798",""
"","KIRIKKALE ÜNİVERSİTESİ","DEVLET","KIRIKKALE","UZAKTAN Ö.","975","415","1390","35","133","168","0","0","0","0","0","0","1010","548","1558",""
"","KIRKLARELİ ÜNİVERSİTESİ","DEVLET","KIRKLARELİ","BİRİNCİ Ö.","4044","3120","7164","3863","4331","8194","385","388","773","11","12","23","8303","7851","16154",""
"","KIRKLARELİ ÜNİVERSİTESİ","DEVLET","KIRKLARELİ","İKİNCİ Ö.","1749","1112","2861","1547","1817","3364","198","18","216","0","0","0","3494","2947","6441",""
"","KIRKLARELİ ÜNİVERSİTESİ","DEVLET","KIRKLARELİ","UZAKTAN Ö.","0","0","0","0","0","0","139","15","154","0","0","0","139","15","154",""
"","KIRŞEHİR AHİ EVRAN ÜNİVERSİTESİ","DEVLET","KIRŞEHİR","BİRİNCİ Ö.","2914","2116","5030","3503","4747","8250","519","439","958","33","29","62","6969","7331","14300",""
"","KIRŞEHİR AHİ EVRAN ÜNİVERSİTESİ","DEVLET","KIRŞEHİR","İKİNCİ Ö.","762","398","1160","908","1044","1952","0","0","0","0","0","0","1670","1442","3112",""
"","KİLİS 7 ARALIK ÜNİVERSİTESİ","DEVLET","KİLİS","BİRİNCİ Ö.","1241","1050","2291","1950","2762","4712","211","138","349","1","0","1","3403","3950","7353",""
"","KİLİS 7 ARALIK ÜNİVERSİTESİ","DEVLET","KİLİS","İKİNCİ Ö.","218","187","405","584","475","1059","14","2","16","0","0","0","816","664","1480",""
"","KOCAELİ ÜNİVERSİTESİ","DEVLET","KOCAELİ","BİRİNCİ Ö.","9435","6054","15489","15266","13007","28273","2507","1975","4482","637","450","1087","27845","21486","49331",""
"","KOCAELİ ÜNİVERSİTESİ","DEVLET","KOCAELİ","İKİNCİ Ö.","5738","2176","7914","8259","3904","12163","290","103","393","0","0","0","14287","6183","20470",""
"","KOCAELİ ÜNİVERSİTESİ","DEVLET","KOCAELİ","UZAKTAN Ö.","464","363","827","250","555","805","63","27","90","0","0","0","777","945","1722",""
"","KOÇ ÜNİVERSİTESİ","VAKIF","İSTANBUL","BİRİNCİ Ö.","0","0","0","3356","3157","6513","376","430","806","323","305","628","4055","3892","7947",""
"","","","","","","","","","","","","","","","","","","","",""
"","","","","","","","","","","","","","","","","","","","",""
"","KONYA GIDA VE TARIM ÜNİVERSİTESİ","VAKIF","KONYA","BİRİNCİ Ö.","0","0","0","157","163","320","41","31","72","0","0","0","198","194","392",""
"","KONYA TEKNİK ÜNİVERSİTESİ","DEVLET","KONYA","BİRİNCİ Ö.","2735","643","3378","3713","1813","5526","1159","500","1659","304","93","397","7911","3049","10960",""
"","KONYA TEKNİK ÜNİVERSİTESİ","DEVLET","KONYA","İKİNCİ Ö.","2070","383","2453","2581","541","3122","89","0","89","0","0","0","4740","924","5664",""
"","KTO KARATAY ÜNİVERSİTESİ","VAKIF","KONYA","BİRİNCİ Ö.","244","650","894","2955","3639","6594","296","293","589","29","12","41","3524","4594","8118",""
"","KÜTAHYA DUMLUPINAR ÜNİVERSİTESİ","DEVLET","KÜTAHYA","BİRİNCİ Ö.","6035","3810","9845","8360","7896","16256","1995","1495","3490","225","105","330","16615","13306","29921",""
"","KÜTAHYA DUMLUPINAR ÜNİVERSİTESİ","DEVLET","KÜTAHYA","İKİNCİ Ö.","2617","1265","3882","6835","4773","11608","471","63","534","0","0","0","9923","6101","16024",""
"","KÜTAHYA SAĞLIK BİLİMLERİ ÜNİVERSİTESİ","DEVLET","KÜTAHYA","BİRİNCİ Ö.","100","267","367","682","1527","2209","7","28","35","6","7","13","795","1829","2624",""
"","KÜTAHYA SAĞLIK BİLİMLERİ ÜNİVERSİTESİ","DEVLET","KÜTAHYA","İKİNCİ Ö.","49","100","149","0","0","0","0","0","0","0","0","0","49","100","149",""
"","LOKMAN HEKİM ÜNİVERSİTESİ","VAKIF","ANKARA","BİRİNCİ Ö.","31","49","80","80","214","294","0","7","7","0","0","0","111","270","381",""
"","MALATYA TURGUT ÖZAL ÜNİVERSİTESİ","DEVLET","MALATYA","BİRİNCİ Ö.","2147","1330","3477","214","147","361","0","0","0","0","0","0","2361","1477","3838",""
"","MALATYA TURGUT ÖZAL ÜNİVERSİTESİ","DEVLET","MALATYA","İKİNCİ Ö.","145","18","163","0","0","0","0","0","0","0","0","0","145","18","163",""
"","MALTEPE ÜNİVERSİTESİ","VAKIF","İSTANBUL","BİRİNCİ Ö.","717","620","1337","4127","4779","8906","610","705","1315","183","149","332","5637","6253","11890",""
"","MALTEPE ÜNİVERSİTESİ","VAKIF","İSTANBUL","İKİNCİ Ö.","1","2","3","0","0","0","0","0","0","0","0","0","1","2","3",""
"","MALTEPE ÜNİVERSİTESİ","VAKIF","İSTANBUL","UZAKTAN Ö.","2","6","8","8","6","14","86","24","110","0","0","0","96","36","132",""
"","MANİSA CELÂL BAYAR ÜNİVERSİTESİ","DEVLET","MANİSA","BİRİNCİ Ö.","5687","4220","9907","9535","9618","19153","1445","1374","2819","263","238","501","16930","15450","32380",""
"","MANİSA CELÂL BAYAR ÜNİVERSİTESİ","DEVLET","MANİSA","İKİNCİ Ö.","3204","1579","4783","6026","3471","9497","21","32","53","0","0","0","9251","5082","14333",""
"","MANİSA CELÂL BAYAR ÜNİVERSİTESİ","DEVLET","MANİSA","UZAKTAN Ö.","409","526","935","152","106","258","314","140","454","0","0","0","875","772","1647",""
"","MARDİN ARTUKLU ÜNİVERSİTESİ","DEVLET","MARDİN","BİRİNCİ Ö.","1884","1455","3339","2253","2570","4823","436","217","653","34","10","44","4607","4252","8859",""
"","MARDİN ARTUKLU ÜNİVERSİTESİ","DEVLET","MARDİN","İKİNCİ Ö.","839","594","1433","24","16","40","217","41","258","0","0","0","1080","651","1731",""
"","MARDİN ARTUKLU ÜNİVERSİTESİ","DEVLET","MARDİN","UZAKTAN Ö.","45","5","50","0","0","0","0","0","0","0","0","0","45","5","50",""
"","MARMARA ÜNİVERSİTESİ","DEVLET","İSTANBUL","BİRİNCİ Ö.","2480","2280","4760","19973","21929","41902","7587","7564","15151","2258","1847","4105","32298","33620","65918",""
"","MARMARA ÜNİVERSİTESİ","DEVLET","İSTANBUL","İKİNCİ Ö.","1108","626","1734","3530","2528","6058","813","831","1644","0","0","0","5451","3985","9436",""
"","MARMARA ÜNİVERSİTESİ","DEVLET","İSTANBUL","UZAKTAN Ö.","922","883","1805","0","0","0","278","55","333","0","0","0","1200","938","2138",""
"","MEF ÜNİVERSİTESİ","VAKIF","İSTANBUL","BİRİNCİ Ö.","5","3","8","1324","1719","3043","103","53","156","0","0","0","1432","1775","3207",""
"","MERSİN ÜNİVERSİTESİ","DEVLET","MERSİN","BİRİNCİ Ö.","5203","3224","8427","10494","9287","19781","1308","1378","2686","296","312","608","17301","14201","31502",""
"","MERSİN ÜNİVERSİTESİ","DEVLET","MERSİN","İKİNCİ Ö.","2632","1062","3694","826","598","1424","142","94","236","0","0","0","3600","1754","5354",""
"","","","","","","","","","","","","","","","","","","","",""
"","","","","","","","","","","","","","","","","","","","",""
"","MERSİN ÜNİVERSİTESİ","DEVLET","MERSİN","UZAKTAN Ö.","1218","635","1853","0","0","0","190","94","284","0","0","0","1408","729","2137",""
"","MİMAR SİNAN GÜZEL SANATLAR ÜNİVERSİTESİ","DEVLET","İSTANBUL","BİRİNCİ Ö.","61","175","236","3295","4437","7732","893","1284","2177","280","461","741","4529","6357","10886",""
"","MUĞLA SITKI KOÇMAN ÜNİVERSİTESİ","DEVLET","MUĞLA","BİRİNCİ Ö.","5421","3593","9014","9618","9055","18673","1081","1178","2259","290","224","514","16410","14050","30460",""
"","MUĞLA SITKI KOÇMAN ÜNİVERSİTESİ","DEVLET","MUĞLA","İKİNCİ Ö.","3279","1682","4961","3266","2004","5270","39","17","56","0","0","0","6584","3703","10287",""
"","MUĞLA SITKI KOÇMAN ÜNİVERSİTESİ","DEVLET","MUĞLA","UZAKTAN Ö.","151","36","187","34","46","80","30","14","44","0","0","0","215","96","311",""
"","MUNZUR ÜNİVERSİTESİ","DEVLET","TUNCELİ","BİRİNCİ Ö.","1184","1034","2218","1251","921","2172","257","106","363","6","6","12","2698","2067","4765",""
"","MUNZUR ÜNİVERSİTESİ","DEVLET","TUNCELİ","İKİNCİ Ö.","0","0","0","295","144","439","26","2","28","0","0","0","321","146","467",""
"","MUŞ ALPARSLAN ÜNİVERSİTESİ","DEVLET","MUŞ","BİRİNCİ Ö.","1665","984","2649","2159","2580","4739","223","81","304","2","0","2","4049","3645","7694",""
"","MUŞ ALPARSLAN ÜNİVERSİTESİ","DEVLET","MUŞ","İKİNCİ Ö.","0","0","0","179","102","281","76","12","88","0","0","0","255","114","369",""
"","NECMETTİN ERBAKAN ÜNİVERSİTESİ","DEVLET","KONYA","BİRİNCİ Ö.","1883","736","2619","9078","12271","21349","2003","2189","4192","519","287","806","13483","15483","28966",""
"","NECMETTİN ERBAKAN ÜNİVERSİTESİ","DEVLET","KONYA","İKİNCİ Ö.","447","116","563","2146","2069","4215","964","205","1169","0","0","0","3557","2390","5947",""
"","NEVŞEHİR HACI BEKTAŞ VELİ ÜNİVERSİTESİ","DEVLET","NEVŞEHİR","BİRİNCİ Ö.","2191","2211","4402","3339","5220","8559","864","795","1659","131","93","224","6525","8319","14844",""
"","NEVŞEHİR HACI BEKTAŞ VELİ ÜNİVERSİTESİ","DEVLET","NEVŞEHİR","İKİNCİ Ö.","908","678","1586","1095","1223","2318","170","6","176","0","0","0","2173","1907","4080",""
"","NEVŞEHİR HACI BEKTAŞ VELİ ÜNİVERSİTESİ","DEVLET","NEVŞEHİR","UZAKTAN Ö.","183","302","485","0","0","0","0","0","0","0","0","0","183","302","485",""
"","NİĞDE ÖMER HALİSDEMİR ÜNİVERSİTESİ","DEVLET","NİĞDE","BİRİNCİ Ö.","3063","1870","4933","5809","6285","12094","1218","907","2125","188","110","298","10278","9172","19450",""
"","NİĞDE ÖMER HALİSDEMİR ÜNİVERSİTESİ","DEVLET","NİĞDE","İKİNCİ Ö.","1658","964","2622","2326","1395","3721","0","0","0","0","0","0","3984","2359","6343",""
"","NİŞANTAŞI ÜNİVERSİTESİ","VAKIF","İSTANBUL","BİRİNCİ Ö.","3497","2987","6484","5714","3203","8917","573","160","733","10","2","12","9794","6352","16146",""
"","NİŞANTAŞI ÜNİVERSİTESİ","VAKIF","İSTANBUL","İKİNCİ Ö.","2397","1487","3884","0","0","0","0","0","0","0","0","0","2397","1487","3884",""
"","NUH NACİ YAZGAN ÜNİVERSİTESİ","VAKIF","KAYSERİ","BİRİNCİ Ö.","0","0","0","1407","1715","3122","61","30","91","0","0","0","1468","1745","3213",""
"","ONDOKUZ MAYIS ÜNİVERSİTESİ","DEVLET","SAMSUN","BİRİNCİ Ö.","4417","4135","8552","13460","14019","27479","2340","2249","4589","794","549","1343","21011","20952","41963",""
"","ONDOKUZ MAYIS ÜNİVERSİTESİ","DEVLET","SAMSUN","İKİNCİ Ö.","1928","1473","3401","1508","1106","2614","145","100","245","0","0","0","3581","2679","6260",""
"","ONDOKUZ MAYIS ÜNİVERSİTESİ","DEVLET","SAMSUN","UZAKTAN Ö.","980","769","1749","504","1060","1564","349","169","518","0","0","0","1833","1998","3831",""
"","ORDU ÜNİVERSİTESİ","DEVLET","ORDU","BİRİNCİ Ö.","3107","1917","5024","3009","4008","7017","543","557","1100","68","64","132","6727","6546","13273",""
"","ORDU ÜNİVERSİTESİ","DEVLET","ORDU","İKİNCİ Ö.","1445","676","2121","1246","1079","2325","0","0","0","0","0","0","2691","1755","4446",""
"","ORTA DOĞU TEKNİK ÜNİVERSİTESİ","DEVLET","ANKARA","BİRİNCİ Ö.","0","0","0","12700","8627","21327","2412","2253","4665","1674","1457","3131","16786","12337","29123",""
"","ORTA DOĞU TEKNİK ÜNİVERSİTESİ","DEVLET","ANKARA","İKİNCİ Ö.","28","3","31","0","0","0","165","83","248","0","0","0","193","86","279",""
"","","","","","","","","","","","","","","","","","","","",""
"","","","","","","","","","","","","","","","","","","","",""
"","OSMANİYE KORKUT ATA ÜNİVERSİTESİ","DEVLET","OSMANİYE","BİRİNCİ Ö.","1741","966","2707","2811","2101","4912","348","220","568","52","25","77","4952","3312","8264",""
"","OSMANİYE KORKUT ATA ÜNİVERSİTESİ","DEVLET","OSMANİYE","İKİNCİ Ö.","942","382","1324","1723","930","2653","0","0","0","0","0","0","2665","1312","3977",""
"","ÖZYEĞİN ÜNİVERSİTESİ","VAKIF","İSTANBUL","BİRİNCİ Ö.","0","0","0","4093","3174","7267","409","176","585","136","52","188","4638","3402","8040",""
"","PAMUKKALE ÜNİVERSİTESİ","DEVLET","DENİZLİ","BİRİNCİ Ö.","5386","5461","10847","12455","12568","25023","1241","1360","2601","329","331","660","19411","19720","39131",""
"","PAMUKKALE ÜNİVERSİTESİ","DEVLET","DENİZLİ","İKİNCİ Ö.","2628","1711","4339","6481","4385","10866","127","93","220","0","0","0","9236","6189","15425",""
"","PİRİ REİS ÜNİVERSİTESİ","VAKIF","İSTANBUL","BİRİNCİ Ö.","1000","228","1228","1981","526","2507","45","20","65","34","2","36","3060","776","3836",""
"","RECEP TAYYİP ERDOĞAN ÜNİVERSİTESİ","DEVLET","RİZE","BİRİNCİ Ö.","2516","2040","4556","4446","5067","9513","729","613","1342","104","63","167","7795","7783","15578",""
"","RECEP TAYYİP ERDOĞAN ÜNİVERSİTESİ","DEVLET","RİZE","İKİNCİ Ö.","654","265","919","644","799","1443","57","39","96","0","0","0","1355","1103","2458",""
"","RECEP TAYYİP ERDOĞAN ÜNİVERSİTESİ","DEVLET","RİZE","UZAKTAN Ö.","0","0","0","0","0","0","78","19","97","0","0","0","78","19","97",""
"","SABANCI ÜNİVERSİTESİ","VAKIF","İSTANBUL","BİRİNCİ Ö.","0","0","0","2674","1601","4275","365","254","619","157","121","278","3196","1976","5172",""
"","SAĞLIK BİLİMLERİ ÜNİVERSİTESİ","DEVLET","İSTANBUL","BİRİNCİ Ö.","1227","2563","3790","1971","3743","5714","66","314","380","124","258","382","3388","6878","10266",""
"","SAKARYA UYGULAMALI BİLİMLER ÜNİVERSİTESİ","DEVLET","SAKARYA","BİRİNCİ Ö.","6075","4233","10308","3139","876","4015","781","211","992","158","42","200","10153","5362","15515",""
"","SAKARYA UYGULAMALI BİLİMLER ÜNİVERSİTESİ","DEVLET","SAKARYA","İKİNCİ Ö.","3552","1611","5163","2210","411","2621","75","46","121","0","0","0","5837","2068","7905",""
"","SAKARYA UYGULAMALI BİLİMLER ÜNİVERSİTESİ","DEVLET","SAKARYA","UZAKTAN Ö.","0","0","0","0","0","0","2","2","4","0","0","0","2","2","4",""
"","SAKARYA ÜNİVERSİTESİ","DEVLET","SAKARYA","BİRİNCİ Ö.","276","978","1254","11374","12761","24135","3340","2804","6144","1028","567","1595","16018","17110","33128",""
"","SAKARYA ÜNİVERSİTESİ","DEVLET","SAKARYA","İKİNCİ Ö.","201","524","725","7699","5531","13230","332","125","457","0","0","0","8232","6180","14412",""
"","SAKARYA ÜNİVERSİTESİ","DEVLET","SAKARYA","UZAKTAN Ö.","2544","569","3113","1237","1843","3080","548","236","784","0","0","0","4329","2648","6977",""
"","SAMSUN ÜNİVERSİTESİ","DEVLET","SAMSUN","BİRİNCİ Ö.","534","178","712","478","236","714","0","0","0","0","0","0","1012","414","1426",""
"","SAMSUN ÜNİVERSİTESİ","DEVLET","SAMSUN","İKİNCİ Ö.","311","83","394","0","0","0","0","0","0","0","0","0","311","83","394",""
"","SANKO ÜNİVERSİTESİ","VAKIF","GAZİANTEP","BİRİNCİ Ö.","0","0","0","338","726","1064","20","30","50","0","1","1","358","757","1115",""
"","SELÇUK ÜNİVERSİTESİ","DEVLET","KONYA","BİRİNCİ Ö.","8899","6589","15488","12003","14078","26081","2571","2185","4756","1059","646","1705","24532","23498","48030",""
"","SELÇUK ÜNİVERSİTESİ","DEVLET","KONYA","İKİNCİ Ö.","3247","2063","5310","6920","5704","12624","908","182","1090","0","0","0","11075","7949","19024",""
"","SELÇUK ÜNİVERSİTESİ","DEVLET","KONYA","UZAKTAN Ö.","0","0","0","0","0","0","166","5","171","0","0","0","166","5","171",""
"","SİİRT ÜNİVERSİTESİ","DEVLET","SİİRT","BİRİNCİ Ö.","2193","1573","3766","3679","3226","6905","419","192","611","8","5","13","6299","4996","11295",""
"","SİİRT ÜNİVERSİTESİ","DEVLET","SİİRT","İKİNCİ Ö.","871","505","1376","874","638","1512","145","44","189","0","0","0","1890","1187","3077",""
"","SİNOP ÜNİVERSİTESİ","DEVLET","SİNOP","BİRİNCİ Ö.","1652","1102","2754","1996","2709","4705","230","141","371","12","8","20","3890","3960","7850",""
"","","","","","","","","","","","","","","","","","","","",""
"","","","","","","","","","","","","","","","","","","","",""
"","SİNOP ÜNİVERSİTESİ","DEVLET","SİNOP","İKİNCİ Ö.","603","353","956","820","694","1514","104","13","117","0","0","0","1527","1060","2587",""
"","SİVAS CUMHURİYET ÜNİVERSİTESİ","DEVLET","SİVAS","BİRİNCİ Ö.","6175","5358","11533","10262","12170","22432","1666","1460","3126","257","169","426","18360","19157","37517",""
"","SİVAS CUMHURİYET ÜNİVERSİTESİ","DEVLET","SİVAS","İKİNCİ Ö.","1800","1010","2810","5268","3942","9210","727","134","861","0","0","0","7795","5086","12881",""
"","SİVAS CUMHURİYET ÜNİVERSİTESİ","DEVLET","SİVAS","UZAKTAN Ö.","0","0","0","499","854","1353","0","0","0","0","0","0","499","854","1353",""
"","SÜLEYMAN DEMİREL ÜNİVERSİTESİ","DEVLET","ISPARTA","BİRİNCİ Ö.","729","1806","2535","10411","11538","21949","2532","2059","4591","741","503","1244","14413","15906","30319",""
"","SÜLEYMAN DEMİREL ÜNİVERSİTESİ","DEVLET","ISPARTA","İKİNCİ Ö.","530","1054","1584","6347","4639","10986","1018","44","1062","0","0","0","7895","5737","13632",""
"","SÜLEYMAN DEMİREL ÜNİVERSİTESİ","DEVLET","ISPARTA","UZAKTAN Ö.","0","0","0","55","21","76","390","52","442","0","0","0","445","73","518",""
"","ŞIRNAK ÜNİVERSİTESİ","DEVLET","ŞIRNAK","BİRİNCİ Ö.","599","417","1016","750","359","1109","205","68","273","6","0","6","1560","844","2404",""
"","ŞIRNAK ÜNİVERSİTESİ","DEVLET","ŞIRNAK","İKİNCİ Ö.","5","5","10","88","24","112","0","0","0","0","0","0","93","29","122",""
"","TARSUS ÜNİVERSİTESİ","DEVLET","MERSİN","BİRİNCİ Ö.","535","589","1124","562","160","722","176","85","261","12","10","22","1285","844","2129",""
"","TARSUS ÜNİVERSİTESİ","DEVLET","MERSİN","İKİNCİ Ö.","159","77","236","68","6","74","12","7","19","0","0","0","239","90","329",""
"","TED ÜNİVERSİTESİ","VAKIF","ANKARA","BİRİNCİ Ö.","0","0","0","1174","1899","3073","38","68","106","0","0","0","1212","1967","3179",""
"","TEKİRDAĞ NAMIK KEMAL ÜNİVERSİTESİ","DEVLET","TEKİRDAĞ","BİRİNCİ Ö.","6199","3717","9916","5913","5376","11289","811","796","1607","115","120","235","13038","10009","23047",""
"","TEKİRDAĞ NAMIK KEMAL ÜNİVERSİTESİ","DEVLET","TEKİRDAĞ","İKİNCİ Ö.","1375","611","1986","1330","543","1873","58","29","87","0","0","0","2763","1183","3946",""
"","TOBB EKONOMİ VE TEKNOLOJİ ÜNİVERSİTESİ","VAKIF","ANKARA","BİRİNCİ Ö.","0","0","0","2702","2543","5245","380","233","613","152","42","194","3234","2818","6052",""
"","TOKAT GAZİOSMANPAŞA ÜNİVERSİTESİ","DEVLET","TOKAT","BİRİNCİ Ö.","4501","3574","8075","6311","7443","13754","1200","988","2188","236","120","356","12248","12125","24373",""
"","TOKAT GAZİOSMANPAŞA ÜNİVERSİTESİ","DEVLET","TOKAT","İKİNCİ Ö.","1058","647","1705","2246","1760","4006","76","35","111","0","0","0","3380","2442","5822",""
"","TOKAT GAZİOSMANPAŞA ÜNİVERSİTESİ","DEVLET","TOKAT","UZAKTAN Ö.","0","0","0","4","9","13","0","0","0","0","0","0","4","9","13",""
"","TOROS ÜNİVERSİTESİ","VAKIF","MERSİN","BİRİNCİ Ö.","448","605","1053","936","874","1810","218","109","327","2","3","5","1604","1591","3195",""
"","TRABZON ÜNİVERSİTESİ","DEVLET","TRABZON","BİRİNCİ Ö.","1690","1632","3322","2943","4765","7708","412","541","953","125","122","247","5170","7060","12230",""
"","TRABZON ÜNİVERSİTESİ","DEVLET","TRABZON","İKİNCİ Ö.","32","17","49","378","523","901","0","0","0","0","0","0","410","540","950",""
"","TRABZON ÜNİVERSİTESİ","DEVLET","TRABZON","UZAKTAN Ö.","0","0","0","14","9","23","36","16","52","0","0","0","50","25","75",""
"","TRAKYA ÜNİVERSİTESİ","DEVLET","EDİRNE","BİRİNCİ Ö.","6429","4213","10642","10234","11098","21332","1361","1455","2816","306","279","585","18330","17045","35375",""
"","TRAKYA ÜNİVERSİTESİ","DEVLET","EDİRNE","İKİNCİ Ö.","1991","730","2721","3132","1984","5116","45","5","50","0","0","0","5168","2719","7887",""
"","TRAKYA ÜNİVERSİTESİ","DEVLET","EDİRNE","UZAKTAN Ö.","452","159","611","0","0","0","327","97","424","0","0","0","779","256","1035",""
"","TÜRK HAVA KURUMU ÜNİVERSİTESİ","VAKIF","ANKARA","BİRİNCİ Ö.","327","186","513","1768","712","2480","102","31","133","76","13","89","2273","942","3215",""
"","","","","","","","","","","","","","","","","","","","",""
"","","","","","","","","","","","","","","","","","","","",""
"","TÜRK HAVA KURUMU ÜNİVERSİTESİ","VAKIF","ANKARA","İKİNCİ Ö.","12","7","19","0","0","0","0","0","0","0","0","0","12","7","19",""
"","TÜRK-ALMAN ÜNİVERSİTESİ","DEVLET","İSTANBUL","BİRİNCİ Ö.","0","0","0","940","797","1737","71","81","152","7","6","13","1018","884","1902",""
"","TÜRK-ALMAN ÜNİVERSİTESİ","DEVLET","İSTANBUL","İKİNCİ Ö.","0","0","0","0","0","0","17","4","21","0","0","0","17","4","21",""
"","UFUK ÜNİVERSİTESİ","VAKIF","ANKARA","BİRİNCİ Ö.","564","734","1298","1170","1824","2994","532","337","869","5","3","8","2271","2898","5169",""
"","UŞAK ÜNİVERSİTESİ","DEVLET","UŞAK","BİRİNCİ Ö.","2383","2032","4415","6783","7025","13808","824","642","1466","111","64","175","10101","9763","19864",""
"","UŞAK ÜNİVERSİTESİ","DEVLET","UŞAK","İKİNCİ Ö.","1250","985","2235","4379","3019","7398","17","3","20","0","0","0","5646","4007","9653",""
"","ÜSKÜDAR ÜNİVERSİTESİ","VAKIF","İSTANBUL","BİRİNCİ Ö.","1368","2787","4155","3108","6350","9458","946","2150","3096","26","80","106","5448","11367","16815",""
"","ÜSKÜDAR ÜNİVERSİTESİ","VAKIF","İSTANBUL","İKİNCİ Ö.","908","1260","2168","0","0","0","0","0","0","0","0","0","908","1260","2168",""
"","VAN YÜZÜNCÜ YIL ÜNİVERSİTESİ","DEVLET","VAN","BİRİNCİ Ö.","3602","2590","6192","7569","6743","14312","2216","1155","3371","413","161","574","13800","10649","24449",""
"","VAN YÜZÜNCÜ YIL ÜNİVERSİTESİ","DEVLET","VAN","İKİNCİ Ö.","253","125","378","750","523","1273","730","115","845","0","0","0","1733","763","2496",""
"","VAN YÜZÜNCÜ YIL ÜNİVERSİTESİ","DEVLET","VAN","UZAKTAN Ö.","0","0","0","0","0","0","45","8","53","0","0","0","45","8","53",""
"","YALOVA ÜNİVERSİTESİ","DEVLET","YALOVA","BİRİNCİ Ö.","2047","1905","3952","2601","2404","5005","435","263","698","107","80","187","5190","4652","9842",""
"","YALOVA ÜNİVERSİTESİ","DEVLET","YALOVA","İKİNCİ Ö.","940","664","1604","594","606","1200","68","46","114","0","0","0","1602","1316","2918",""
"","YAŞAR ÜNİVERSİTESİ","VAKIF","İZMİR","BİRİNCİ Ö.","765","577","1342","3964","4190","8154","338","393","731","94","88","182","5161","5248","10409",""
"","YAŞAR ÜNİVERSİTESİ","VAKIF","İZMİR","UZAKTAN Ö.","0","0","0","0","0","0","10","4","14","0","0","0","10","4","14",""
"","YEDİTEPE ÜNİVERSİTESİ","VAKIF","İSTANBUL","BİRİNCİ Ö.","0","0","0","9156","10677","19833","1654","2374","4028","612","592","1204","11422","13643","25065",""
"","YILDIZ TEKNİK ÜNİVERSİTESİ","DEVLET","İSTANBUL","BİRİNCİ Ö.","73","51","124","14182","9569","23751","3064","2602","5666","1326","1026","2352","18645","13248","31893",""
"","YILDIZ TEKNİK ÜNİVERSİTESİ","DEVLET","İSTANBUL","İKİNCİ Ö.","24","6","30","1147","239","1386","607","523","1130","0","0","0","1778","768","2546",""
"","YOZGAT BOZOK ÜNİVERSİTESİ","DEVLET","YOZGAT","BİRİNCİ Ö.","3415","1976","5391","3655","4143","7798","656","336","992","35","9","44","7761","6464","14225",""
"","YOZGAT BOZOK ÜNİVERSİTESİ","DEVLET","YOZGAT","İKİNCİ Ö.","867","600","1467","1876","1440","3316","0","0","0","0","0","0","2743","2040","4783",""
"","YÜKSEK İHTİSAS ÜNİVERSİTESİ","VAKIF","ANKARA","BİRİNCİ Ö.","43","155","198","182","438","620","0","2","2","0","0","0","225","595","820",""
"","ZONGULDAK BÜLENT ECEVİT ÜNİVERSİTESİ","DEVLET","ZONGULDAK","BİRİNCİ Ö.","4341","4089","8430","6612","7805","14417","967","889","1856","149","94","243","12069","12877","24946",""
"","ZONGULDAK BÜLENT ECEVİT ÜNİVERSİTESİ","DEVLET","ZONGULDAK","İKİNCİ Ö.","1580","918","2498","3648","2298","5946","207","41","248","0","0","0","5435","3257","8692",""
"","ZONGULDAK BÜLENT ECEVİT ÜNİVERSİTESİ","DEVLET","ZONGULDAK","UZAKTAN Ö.","0","0","0","0","0","0","64","14","78","0","0","0","64","14","78",""
"","TOPLAM","","","","705230.5","709484.5","1414715","1189711","1020638.5","2210349.5","110556","86531","197087","26760.5","21339","48099.5","2032258","1837993","3870251",""
"","","","","","","","","","","","","","","","","","","","",""
